country_name,country_code,year,value
Albania,ALB,1990,2028553750
Algeria,DZA,1990,62045099643
Andorra,AND,1990,1029048482
Angola,AGO,1990,11228764963
Antigua and Barbuda,ATG,1990,459469058.9
Argentina,ARG,1990,1.41352E+11
Armenia,ARM,1990,2256838858
Aruba,ABW,1990,764887117.2
Australia,AUS,1990,3.10838E+11
Austria,AUT,1990,1.66463E+11
Azerbaijan,AZE,1990,9063444102
"Bahamas, The",BHS,1990,3166000000
Bahrain,BHR,1990,4229787234
Bangladesh,BGD,1990,31598341234
Barbados,BRB,1990,2023318252
Belarus,BLR,1990,21650000000
Belgium,BEL,1990,2.06431E+11
Belize,BLZ,1990,412086445.5
Benin,BEN,1990,1959965244
Bermuda,BMU,1990,1592400000
Bhutan,BTN,1990,299787275.8
Bolivia,BOL,1990,4867582620
Botswana,BWA,1990,3790567052
Brazil,BRA,1990,4.61952E+11
Brunei Darussalam,BRN,1990,3520551724
Bulgaria,BGR,1990,20632090909
Burkina Faso,BFA,1990,3101301781
Burundi,BDI,1990,1132101253
Cabo Verde,CPV,1990,306891107.3
Cameroon,CMR,1990,11151578051
Canada,CAN,1990,5.9393E+11
Central African Republic,CAF,1990,1440711396
Chad,TCD,1990,1738605558
Chile,CHL,1990,33113887818
China,CHN,1990,3.60858E+11
Colombia,COL,1990,47844090710
Comoros,COM,1990,429622147.7
"Congo, Dem. Rep.",COD,1990,9349764580
"Congo, Rep.",COG,1990,2798746051
Costa Rica,CRI,1990,5711687787
Cote d'Ivoire,CIV,1990,10795850107
Cuba,CUB,1990,28645436569
Cyprus,CYP,1990,5591130218
Czech Republic,CZE,1990,40477403220
Denmark,DNK,1990,1.38247E+11
Djibouti,DJI,1990,452328087.3
Dominica,DMA,1990,201428730
Dominican Republic,DOM,1990,7073675545
Ecuador,ECU,1990,15239278100
"Egypt, Arab Rep.",EGY,1990,42978914311
El Salvador,SLV,1990,4817542204
Equatorial Guinea,GNQ,1990,112119406.5
Eswatini,SWZ,1990,1114703088
Ethiopia,ETH,1990,12175166763
Fiji,FJI,1990,1337024782
Finland,FIN,1990,1.41518E+11
France,FRA,1990,1.26918E+12
French Polynesia,PYF,1990,3181206305
Gabon,GAB,1990,5952293766
"Gambia, The",GMB,1990,317083373.5
Georgia,GEO,1990,7753501868
Germany,DEU,1990,1.76497E+12
Ghana,GHA,1990,5889174825
Greece,GRC,1990,97891090929
Greenland,GRL,1990,1018970365
Grenada,GRD,1990,278098763
Guatemala,GTM,1990,7650125217
Guinea,GIN,1990,2666616177
Guinea-Bissau,GNB,1990,243961995.5
Guyana,GUY,1990,396582263.3
Haiti,HTI,1990,3096289800
Honduras,HND,1990,4923009552
"Hong Kong SAR, China",HKG,1990,76928290842
Iceland,ISL,1990,6372905073
India,IND,1990,3.16697E+11
Indonesia,IDN,1990,1.06141E+11
"Iran, Islamic Rep.",IRN,1990,1.24813E+11
Iraq,IRQ,1990,1.79886E+11
Ireland,IRL,1990,49364681256
Israel,ISR,1990,58986997917
Italy,ITA,1990,1.17733E+12
Jamaica,JAM,1990,4592224067
Japan,JPN,1990,3.13282E+12
Jordan,JOR,1990,4160003917
Kazakhstan,KAZ,1990,26932728899
Kenya,KEN,1990,8572359163
Kiribati,KIR,1990,39809538.68
"Korea, Rep.",KOR,1990,2.79349E+11
Kuwait,KWT,1990,18427777778
Kyrgyz Republic,KGZ,1990,2675000000
Lao PDR,LAO,1990,865559856.2
Lebanon,LBN,1990,2838485354
Lesotho,LSO,1990,596415104.5
Libya,LBY,1990,28901836158
Liechtenstein,LIE,1990,1421466240
Luxembourg,LUX,1990,13229247948
"Macao SAR, China",MAC,1990,3220920085
Madagascar,MDG,1990,3081479800
Malawi,MWI,1990,1880771556
Malaysia,MYS,1990,44024178343
Maldives,MDV,1990,215089005.2
Mali,MLI,1990,2681912030
Malta,MLT,1990,2547163582
Marshall Islands,MHL,1990,78476000
Mauritania,MRT,1990,1019600771
Mauritius,MUS,1990,2653480001
Mexico,MEX,1990,2.61254E+11
"Micronesia, Fed. Sts.",FSM,1990,147200000
Monaco,MCO,1990,2481316054
Mongolia,MNG,1990,2560785660
Morocco,MAR,1990,30180108562
Mozambique,MOZ,1990,2512079324
Namibia,NAM,1990,2785764518
Nepal,NPL,1990,3627562403
Netherlands,NLD,1990,3.14268E+11
New Caledonia,NCL,1990,2529310104
New Zealand,NZL,1990,45519034244
Nicaragua,NIC,1990,1009455484
Niger,NER,1990,2480673195
Nigeria,NGA,1990,54035795388
North Macedonia,MKD,1990,4699646643
Norway,NOR,1990,1.19792E+11
Oman,OMN,1990,11685045514
Pakistan,PAK,1990,40010424929
Panama,PAN,1990,6433967000
Papua New Guinea,PNG,1990,3219730365
Paraguay,PRY,1990,5812114523
Peru,PER,1990,26410386669
Philippines,PHL,1990,44311593756
Poland,POL,1990,65977749037
Portugal,PRT,1990,78721607509
Puerto Rico,PRI,1990,30603919000
Qatar,QAT,1990,7360439423
Romania,ROU,1990,38995454545
Russian Federation,RUS,1990,5.16814E+11
Rwanda,RWA,1990,2550185618
Samoa,WSM,1990,125766269.8
Saudi Arabia,SAU,1990,1.1763E+11
Senegal,SEN,1990,7237100724
Seychelles,SYC,1990,368584758.9
Sierra Leone,SLE,1990,649644826.8
Singapore,SGP,1990,36152027893
Slovak Republic,SVK,1990,12694544693
Solomon Islands,SLB,1990,302515026.9
South Africa,ZAF,1990,1.15553E+11
Spain,ESP,1990,5.35101E+11
Sri Lanka,LKA,1990,8032551173
St. Kitts and Nevis,KNA,1990,217258907.8
St. Lucia,LCA,1990,515979396.8
St. Vincent and the Grenadines,VCT,1990,240365262.6
Sudan,SDN,1990,12408647541
Suriname,SUR,1990,388400000
Sweden,SWE,1990,2.58154E+11
Switzerland,CHE,1990,2.58067E+11
Syrian Arab Republic,SYR,1990,12308624284
Tajikistan,TJK,1990,2629395066
Tanzania,TZA,1990,4258743263
Thailand,THA,1990,85343063966
Togo,TGO,1990,1628427515
Tonga,TON,1990,113563821.6
Trinidad and Tobago,TTO,1990,5068000000
Tunisia,TUN,1990,12290568182
Turkey,TUR,1990,1.50676E+11
Turkmenistan,TKM,1990,3189539641
Tuvalu,TUV,1990,8824447.74
Uganda,UGA,1990,4304398866
Ukraine,UKR,1990,81456918679
United Arab Emirates,ARE,1990,50701443748
United Kingdom,GBR,1990,1.09317E+12
United States,USA,1990,5.97959E+12
Uruguay,URY,1990,9298839655
Uzbekistan,UZB,1990,13360607918
Vanuatu,VUT,1990,158397403
"Venezuela, RB",VEN,1990,48598315565
Vietnam,VNM,1990,6471740806
Virgin Islands (U.S.),VIR,1990,1564700032
"Yemen, Rep.",YEM,1990,5647119229
Zambia,ZMB,1990,3285217391
Zimbabwe,ZWE,1990,8783816700
Albania,ALB,2000,3480355258
Algeria,DZA,2000,54790245601
Andorra,AND,2000,1434429703
Angola,AGO,2000,9129594819
Antigua and Barbuda,ATG,2000,830158768.9
Argentina,ARG,2000,2.84204E+11
Armenia,ARM,2000,1911563665
Aruba,ABW,2000,1873452514
Australia,AUS,2000,4.15034E+11
Austria,AUT,2000,1.968E+11
Azerbaijan,AZE,2000,5272617196
"Bahamas, The",BHS,2000,8076470000
Bahrain,BHR,2000,9062906915
Bangladesh,BGD,2000,53369787319
Barbados,BRB,2000,3121500000
Belarus,BLR,2000,12736856828
Belgium,BEL,2000,2.37905E+11
Belize,BLZ,2000,832072450
Benin,BEN,2000,2569186643
Bermuda,BMU,2000,3480219000
Bhutan,BTN,2000,439158233.2
Bolivia,BOL,2000,8397912509
Bosnia and Herzegovina,BIH,2000,5505984456
Botswana,BWA,2000,5788329609
Brazil,BRA,2000,6.55421E+11
Brunei Darussalam,BRN,2000,6001153306
Bulgaria,BGR,2000,13153016531
Burkina Faso,BFA,2000,2628920056
Burundi,BDI,2000,870486065.9
Cabo Verde,CPV,2000,539227277.6
Cambodia,KHM,2000,3677897739
Cameroon,CMR,2000,10083937740
Canada,CAN,2000,7.42293E+11
Central African Republic,CAF,2000,914500299.1
Chad,TCD,2000,1385058162
Channel Islands,CHI,2000,6439703435
Chile,CHL,2000,77860932152
China,CHN,2000,1.21135E+12
Colombia,COL,2000,99886577331
Comoros,COM,2000,350264287.7
"Congo, Dem. Rep.",COD,2000,19088046306
"Congo, Rep.",COG,2000,3219910550
Costa Rica,CRI,2000,14949514493
Cote d'Ivoire,CIV,2000,10717022463
Croatia,HRV,2000,21774273832
Cuba,CUB,2000,30565400000
Cyprus,CYP,2000,9985843544
Czech Republic,CZE,2000,61649492817
Denmark,DNK,2000,1.64159E+11
Djibouti,DJI,2000,551230861.9
Dominica,DMA,2000,333468888.9
Dominican Republic,DOM,2000,24305116729
Ecuador,ECU,2000,18327764882
"Egypt, Arab Rep.",EGY,2000,99838543960
El Salvador,SLV,2000,11784927700
Equatorial Guinea,GNQ,2000,1045998496
Eritrea,ERI,2000,706370815.6
Estonia,EST,2000,5685774809
Eswatini,SWZ,2000,1738100853
Ethiopia,ETH,2000,8242392104
Faroe Islands,FRO,2000,1062339944
Fiji,FJI,2000,1684109743
Finland,FIN,2000,1.2554E+11
France,FRA,2000,1.36225E+12
French Polynesia,PYF,2000,3447543138
Gabon,GAB,2000,5067865321
"Gambia, The",GMB,2000,782915402.4
Georgia,GEO,2000,3057453468
Germany,DEU,2000,1.94995E+12
Ghana,GHA,2000,4983024408
Greece,GRC,2000,1.30134E+11
Greenland,GRL,2000,1068030830
Grenada,GRD,2000,520044370.4
Guatemala,GTM,2000,19288827159
Guinea,GIN,2000,2995360969
Guinea-Bissau,GNB,2000,370173838.7
Guyana,GUY,2000,712667896.7
Haiti,HTI,2000,3953846311
Honduras,HND,2000,7103507989
"Hong Kong SAR, China",HKG,2000,1.71668E+11
Hungary,HUN,2000,47310623887
Iceland,ISL,2000,8927140438
India,IND,2000,4.62147E+11
Indonesia,IDN,2000,1.65021E+11
"Iran, Islamic Rep.",IRN,2000,1.09592E+11
Ireland,IRL,2000,99853528653
Isle of Man,IMN,2000,1563667800
Israel,ISR,2000,1.32339E+11
Italy,ITA,2000,1.14176E+12
Jamaica,JAM,2000,8985352832
Japan,JPN,2000,4.88752E+12
Jordan,JOR,2000,8460424401
Kazakhstan,KAZ,2000,18291990619
Kenya,KEN,2000,12705357103
Kiribati,KIR,2000,67254174.4
"Korea, Rep.",KOR,2000,5.61633E+11
Kosovo,XKX,2000,1849196082
Kuwait,KWT,2000,37711864407
Kyrgyz Republic,KGZ,2000,1369692689
Lao PDR,LAO,2000,1731198022
Latvia,LVA,2000,7937758980
Lebanon,LBN,2000,17260364842
Lesotho,LSO,2000,887295267.9
Liberia,LBR,2000,874000000
Libya,LBY,2000,38270206950
Liechtenstein,LIE,2000,2483953103
Lithuania,LTU,2000,11539211480
Luxembourg,LUX,2000,21263514833
"Macao SAR, China",MAC,2000,6720492406
Madagascar,MDG,2000,3877673539
Malawi,MWI,2000,1743506531
Malaysia,MYS,2000,93789736842
Maldives,MDV,2000,624337145.3
Mali,MLI,2000,2954129566
Malta,MLT,2000,4306192436
Marshall Islands,MHL,2000,110937700
Mauritania,MRT,2000,1293654175
Mauritius,MUS,2000,4582555125
Mexico,MEX,2000,7.07907E+11
"Micronesia, Fed. Sts.",FSM,2000,233226300
Moldova,MDA,2000,1288429392
Monaco,MCO,2000,2647883816
Mongolia,MNG,2000,1136896124
Montenegro,MNE,2000,984297589.4
Morocco,MAR,2000,38857251336
Mozambique,MOZ,2000,5016469069
Myanmar,MMR,2000,8905066164
Namibia,NAM,2000,3833993707
Nepal,NPL,2000,5494252208
Netherlands,NLD,2000,4.12807E+11
New Caledonia,NCL,2000,2682347064
New Zealand,NZL,2000,52622842840
Nicaragua,NIC,2000,5107329007
Niger,NER,2000,1798374468
Nigeria,NGA,2000,69448756933
North Macedonia,MKD,2000,3772851420
Norway,NOR,2000,1.71316E+11
Oman,OMN,2000,19507412224
Pakistan,PAK,2000,73952374970
Palau,PLW,2000,144759500
Panama,PAN,2000,12304115000
Papua New Guinea,PNG,2000,3521339699
Paraguay,PRY,2000,8855705140
Peru,PER,2000,51744749133
Philippines,PHL,2000,81026300310
Poland,POL,2000,1.71886E+11
Portugal,PRT,2000,1.18358E+11
Puerto Rico,PRI,2000,61701800000
Qatar,QAT,2000,17759890110
Romania,ROU,2000,37438527800
Russian Federation,RUS,2000,2.59708E+11
Rwanda,RWA,2000,1734938652
Samoa,WSM,2000,269019710.3
San Marino,SMR,2000,1101897918
Saudi Arabia,SAU,2000,1.89515E+11
Senegal,SEN,2000,5924239701
Serbia,SRB,2000,6540247190
Seychelles,SYC,2000,614879764.8
Sierra Leone,SLE,2000,635874002.2
Singapore,SGP,2000,95833932715
Slovak Republic,SVK,2000,29114875622
Slovenia,SVN,2000,20342201356
Solomon Islands,SLB,2000,435103853.5
South Africa,ZAF,2000,1.36362E+11
Spain,ESP,2000,5.95403E+11
Sri Lanka,LKA,2000,16330814180
St. Kitts and Nevis,KNA,2000,433520494.9
St. Lucia,LCA,2000,833537296.3
St. Vincent and the Grenadines,VCT,2000,396261370.4
Sudan,SDN,2000,12257418326
Suriname,SUR,2000,947671969.7
Sweden,SWE,2000,2.59802E+11
Switzerland,CHE,2000,2.72055E+11
Syrian Arab Republic,SYR,2000,19325894913
Tajikistan,TJK,2000,860521119.3
Tanzania,TZA,2000,10185786383
Thailand,THA,2000,1.26392E+11
Timor-Leste,TLS,2000,439600000
Togo,TGO,2000,1488185772
Tonga,TON,2000,202363492.2
Trinidad and Tobago,TTO,2000,8154338233
Tunisia,TUN,2000,21473188882
Turkey,TUR,2000,2.7298E+11
Turkmenistan,TKM,2000,2904662605
Tuvalu,TUV,2000,13742057.05
Uganda,UGA,2000,6193246837
Ukraine,UKR,2000,31261527363
United Arab Emirates,ARE,2000,1.04337E+11
United Kingdom,GBR,2000,1.64795E+12
United States,USA,2000,1.02848E+13
Uruguay,URY,2000,22823255802
Uzbekistan,UZB,2000,13760513969
Vanuatu,VUT,2000,272014693.1
"Venezuela, RB",VEN,2000,1.17141E+11
Vietnam,VNM,2000,31172518403
West Bank and Gaza,PSE,2000,4313600000
"Yemen, Rep.",YEM,2000,9652436180
Zambia,ZMB,2000,3600683040
Zimbabwe,ZWE,2000,6689957600
Afghanistan,AFG,2009,12439087077
Albania,ALB,2009,12044208086
Algeria,DZA,2009,1.37211E+11
American Samoa,ASM,2009,678000000
Andorra,AND,2009,3660530703
Angola,AGO,2009,70307163678
Antigua and Barbuda,ATG,2009,1224253014
Argentina,ARG,2009,3.32976E+11
Armenia,ARM,2009,8647936748
Aruba,ABW,2009,2498882682
Australia,AUS,2009,9.26448E+11
Austria,AUT,2009,4.00172E+11
Azerbaijan,AZE,2009,44291490421
"Bahamas, The",BHS,2009,9981960000
Bahrain,BHR,2009,22938218085
Bangladesh,BGD,2009,1.02478E+11
Barbados,BRB,2009,4479950000
Belarus,BLR,2009,50874078052
Belgium,BEL,2009,4.84553E+11
Belize,BLZ,2009,1335217500
Benin,BEN,2009,7097198712
Bermuda,BMU,2009,5806378000
Bhutan,BTN,2009,1264758198
Bolivia,BOL,2009,17339992165
Bosnia and Herzegovina,BIH,2009,17613836210
Botswana,BWA,2009,10267133178
Brazil,BRA,2009,1.66702E+12
Brunei Darussalam,BRN,2009,10732366286
Bulgaria,BGR,2009,51884481410
Burkina Faso,BFA,2009,8369175126
Burundi,BDI,2009,1781455092
Cabo Verde,CPV,2009,1711817182
Cambodia,KHM,2009,10401851851
Cameroon,CMR,2009,26017925552
Canada,CAN,2009,1.37115E+12
Central African Republic,CAF,2009,1981732634
Chad,TCD,2009,9253484108
Chile,CHL,2009,1.72389E+11
China,CHN,2009,5.10995E+12
Colombia,COL,2009,2.32494E+11
Comoros,COM,2009,901711442.3
"Congo, Dem. Rep.",COD,2009,18648373312
"Congo, Rep.",COG,2009,9593537551
Costa Rica,CRI,2009,30562361123
Cote d'Ivoire,CIV,2009,24277493862
Croatia,HRV,2009,62754161039
Cuba,CUB,2009,62080000000
Cyprus,CYP,2009,25942664629
Czech Republic,CZE,2009,2.0618E+11
Denmark,DNK,2009,3.21241E+11
Djibouti,DJI,2009,1049110685
Dominica,DMA,2009,489074333.3
Dominican Republic,DOM,2009,48376555306
Ecuador,ECU,2009,62519686000
"Egypt, Arab Rep.",EGY,2009,1.88982E+11
El Salvador,SLV,2009,17601616000
Equatorial Guinea,GNQ,2009,15027795173
Eritrea,ERI,2009,1856695551
Estonia,EST,2009,19652492637
Eswatini,SWZ,2009,3580417067
Ethiopia,ETH,2009,32437389116
Faroe Islands,FRO,2009,2257083699
Fiji,FJI,2009,2870624636
Finland,FIN,2009,2.51499E+11
France,FRA,2009,2.69022E+12
Gabon,GAB,2009,12065138273
"Gambia, The",GMB,2009,900639534
Georgia,GEO,2009,10766809096
Germany,DEU,2009,3.41801E+12
Ghana,GHA,2009,25977847814
Greece,GRC,2009,3.3E+11
Greenland,GRL,2009,2529948330
Grenada,GRD,2009,771275555.6
Guam,GUM,2009,4781000000
Guatemala,GTM,2009,37734072276
Guinea,GIN,2009,6716904635
Guinea-Bissau,GNB,2009,826798659.8
Guyana,GUY,2009,2061324146
Haiti,HTI,2009,6584649419
Honduras,HND,2009,14587496229
"Hong Kong SAR, China",HKG,2009,2.14046E+11
Hungary,HUN,2009,1.30594E+11
Iceland,ISL,2009,12944114736
India,IND,2009,1.32394E+12
Indonesia,IDN,2009,5.3958E+11
"Iran, Islamic Rep.",IRN,2009,4.14059E+11
Iraq,IRQ,2009,1.11661E+11
Ireland,IRL,2009,2.36311E+11
Isle of Man,IMN,2009,5487083658
Israel,ISR,2009,2.07419E+11
Italy,ITA,2009,2.18516E+12
Jamaica,JAM,2009,12067478478
Japan,JPN,2009,5.23138E+12
Jordan,JOR,2009,23820230000
Kazakhstan,KAZ,2009,1.15309E+11
Kenya,KEN,2009,37021512049
Kiribati,KIR,2009,132420059.3
"Korea, Rep.",KOR,2009,9.01935E+11
Kosovo,XKX,2009,5653792720
Kuwait,KWT,2009,1.059E+11
Kyrgyz Republic,KGZ,2009,4690062255
Lao PDR,LAO,2009,5832915387
Latvia,LVA,2009,26169854045
Lebanon,LBN,2009,35477299024
Lesotho,LSO,2009,1773199526
Liberia,LBR,2009,1768000000
Libya,LBY,2009,63028320702
Liechtenstein,LIE,2009,4504549214
Lithuania,LTU,2009,37440673478
Luxembourg,LUX,2009,51370543206
"Macao SAR, China",MAC,2009,21475520709
Madagascar,MDG,2009,8550363975
Malawi,MWI,2009,6191127665
Malaysia,MYS,2009,2.02258E+11
Maldives,MDV,2009,2345294875
Mali,MLI,2009,10181021770
Malta,MLT,2009,8528202278
Marshall Islands,MHL,2009,152617500
Mauritania,MRT,2009,3662282133
Mauritius,MUS,2009,9128843109
Mexico,MEX,2009,9.00045E+11
"Micronesia, Fed. Sts.",FSM,2009,279966700
Moldova,MDA,2009,5439422031
Monaco,MCO,2009,5451653237
Mongolia,MNG,2009,4583850368
Montenegro,MNE,2009,4159330370
Morocco,MAR,2009,92897320376
Mozambique,MOZ,2009,10911698204
Myanmar,MMR,2009,36906181381
Namibia,NAM,2009,8876191121
Nauru,NRU,2009,44290951.93
Nepal,NPL,2009,12854985464
Netherlands,NLD,2009,8.57933E+11
New Zealand,NZL,2009,1.21339E+11
Nicaragua,NIC,2009,8298695145
Niger,NER,2009,5373097441
Nigeria,NGA,2009,2.9188E+11
North Macedonia,MKD,2009,9401731496
Northern Mariana Islands,MNP,2009,795000000
Norway,NOR,2009,3.86622E+11
Oman,OMN,2009,48388296489
Pakistan,PAK,2009,1.68153E+11
Palau,PLW,2009,182704300
Panama,PAN,2009,27116635600
Papua New Guinea,PNG,2009,11619541940
Paraguay,PRY,2009,22341754514
Peru,PER,2009,1.20823E+11
Philippines,PHL,2009,1.68335E+11
Poland,POL,2009,4.39796E+11
Portugal,PRT,2009,2.43746E+11
Puerto Rico,PRI,2009,96385600000
Qatar,QAT,2009,97798351648
Romania,ROU,2009,1.72612E+11
Russian Federation,RUS,2009,1.22264E+12
Rwanda,RWA,2009,5378925895
Samoa,WSM,2009,560959527.8
San Marino,SMR,2009,2363156432
Sao Tome and Principe,STP,2009,187821029
Saudi Arabia,SAU,2009,4.29098E+11
Senegal,SEN,2009,16248212852
Serbia,SRB,2009,42616653300
Seychelles,SYC,2009,847397850.1
Sierra Leone,SLE,2009,2453899847
Singapore,SGP,2009,1.92408E+11
Slovak Republic,SVK,2009,88945625174
Slovenia,SVN,2009,50244793832
Solomon Islands,SLB,2009,597765363.1
South Africa,ZAF,2009,2.95936E+11
Spain,ESP,2009,1.4991E+12
Sri Lanka,LKA,2009,42066217872
St. Kitts and Nevis,KNA,2009,767066391.8
St. Lucia,LCA,2009,1262872667
St. Vincent and the Grenadines,VCT,2009,674922481.5
Sudan,SDN,2009,53150209168
Suriname,SUR,2009,3875555556
Sweden,SWE,2009,4.29657E+11
Switzerland,CHE,2009,5.41507E+11
Tajikistan,TJK,2009,4979481980
Tanzania,TZA,2009,28573777052
Thailand,THA,2009,2.8171E+11
Timor-Leste,TLS,2009,3199600000
Togo,TGO,2009,3365711796
Tonga,TON,2009,318166562.8
Trinidad and Tobago,TTO,2009,19172165226
Tunisia,TUN,2009,43454935940
Turkey,TUR,2009,6.4464E+11
Turkmenistan,TKM,2009,20214385965
Tuvalu,TUV,2009,27101076.28
Uganda,UGA,2009,18168902154
Ukraine,UKR,2009,1.17113E+11
United Arab Emirates,ARE,2009,2.53547E+11
United Kingdom,GBR,2009,2.38283E+12
United States,USA,2009,1.44187E+13
Uruguay,URY,2009,31660911277
Uzbekistan,UZB,2009,33689223673
Vanuatu,VUT,2009,610066628.7
"Venezuela, RB",VEN,2009,3.29788E+11
Vietnam,VNM,2009,1.06015E+11
Virgin Islands (U.S.),VIR,2009,4203000000
West Bank and Gaza,PSE,2009,7268200000
"Yemen, Rep.",YEM,2009,25130274124
Zambia,ZMB,2009,15328342304
Zimbabwe,ZWE,2009,9665793300
Afghanistan,AFG,2010,15856574731
Albania,ALB,2010,11926957255
Algeria,DZA,2010,1.61207E+11
American Samoa,ASM,2010,576000000
Andorra,AND,2010,3355695364
Angola,AGO,2010,83799496612
Antigua and Barbuda,ATG,2010,1152469069
Argentina,ARG,2010,4.23627E+11
Armenia,ARM,2010,9260284938
Aruba,ABW,2010,2390502793
Australia,AUS,2010,1.14426E+12
Austria,AUT,2010,3.91893E+11
Azerbaijan,AZE,2010,52902703376
"Bahamas, The",BHS,2010,10095760000
Bahrain,BHR,2010,25713271277
Bangladesh,BGD,2010,1.15279E+11
Barbados,BRB,2010,4529900000
Belarus,BLR,2010,58665088956
Belgium,BEL,2010,4.83548E+11
Belize,BLZ,2010,1396731700
Benin,BEN,2010,6970240895
Bermuda,BMU,2010,5744414000
Bhutan,BTN,2010,1585472534
Bolivia,BOL,2010,19649724655
Bosnia and Herzegovina,BIH,2010,17176781337
Botswana,BWA,2010,12786654366
Brazil,BRA,2010,2.20887E+12
Brunei Darussalam,BRN,2010,13707370737
Bulgaria,BGR,2010,50610058210
Burkina Faso,BFA,2010,8979966766
Burundi,BDI,2010,2032135247
Cabo Verde,CPV,2010,1664310770
Cambodia,KHM,2010,11242275199
Cameroon,CMR,2010,26143818510
Canada,CAN,2010,1.61346E+12
Central African Republic,CAF,2010,1986015906
Chad,TCD,2010,10657705536
Chile,CHL,2010,2.18538E+11
China,CHN,2010,6.10062E+12
Colombia,COL,2010,2.86104E+11
Comoros,COM,2010,907093130.3
"Congo, Dem. Rep.",COD,2010,21565720044
"Congo, Rep.",COG,2010,12007880439
Costa Rica,CRI,2010,37268635287
Cote d'Ivoire,CIV,2010,24884505035
Croatia,HRV,2010,59844207749
Cuba,CUB,2010,64328000000
Cyprus,CYP,2010,25562264901
Czech Republic,CZE,2010,2.07478E+11
Denmark,DNK,2010,3.21995E+11
Djibouti,DJI,2010,1128611700
Dominica,DMA,2010,493824407.4
Dominican Republic,DOM,2010,53982886258
Ecuador,ECU,2010,69555367000
"Egypt, Arab Rep.",EGY,2010,2.18888E+11
El Salvador,SLV,2010,18447922400
Equatorial Guinea,GNQ,2010,16298542028
Eritrea,ERI,2010,2117039512
Estonia,EST,2010,19490936349
Eswatini,SWZ,2010,4438778424
Ethiopia,ETH,2010,29933790334
Faroe Islands,FRO,2010,2301168187
Fiji,FJI,2010,3140508836
Finland,FIN,2010,2.478E+11
France,FRA,2010,2.64261E+12
Gabon,GAB,2010,14358584300
"Gambia, The",GMB,2010,951806368.7
Georgia,GEO,2010,11638536862
Germany,DEU,2010,3.41709E+12
Ghana,GHA,2010,32174772956
Greece,GRC,2010,2.99362E+11
Greenland,GRL,2010,2503156061
Grenada,GRD,2010,771013259.3
Guam,GUM,2010,4895000000
Guatemala,GTM,2010,41338521642
Guinea,GIN,2010,6853467936
Guinea-Bissau,GNB,2010,849050127.5
Guyana,GUY,2010,2273224261
Haiti,HTI,2010,6622541529
Honduras,HND,2010,15839344592
"Hong Kong SAR, China",HKG,2010,2.28638E+11
Hungary,HUN,2010,1.30923E+11
Iceland,ISL,2010,13310567803
India,IND,2010,1.65662E+12
Indonesia,IDN,2010,7.55094E+11
"Iran, Islamic Rep.",IRN,2010,4.8707E+11
Iraq,IRQ,2010,1.38517E+11
Ireland,IRL,2010,2.21951E+11
Isle of Man,IMN,2010,5920177689
Israel,ISR,2010,2.3361E+11
Italy,ITA,2010,2.12506E+12
Jamaica,JAM,2010,13200286270
Japan,JPN,2010,5.7001E+12
Jordan,JOR,2010,26425379437
Kazakhstan,KAZ,2010,1.48047E+11
Kenya,KEN,2010,40000088347
Kiribati,KIR,2010,156120895.2
"Korea, Rep.",KOR,2010,1.0945E+12
Kosovo,XKX,2010,5830463576
Kuwait,KWT,2010,1.15419E+11
Kyrgyz Republic,KGZ,2010,4794357795
Lao PDR,LAO,2010,7127792630
Latvia,LVA,2010,23757368290
Lebanon,LBN,2010,38419626605
Lesotho,LSO,2010,2361613522
Liberia,LBR,2010,1998000000
Libya,LBY,2010,74773444901
Liechtenstein,LIE,2010,5082366478
Lithuania,LTU,2010,37120517694
Luxembourg,LUX,2010,53212476812
"Macao SAR, China",MAC,2010,28123640999
Madagascar,MDG,2010,8729936136
Malawi,MWI,2010,6959655571
Malaysia,MYS,2010,2.55017E+11
Maldives,MDV,2010,2588176055
Mali,MLI,2010,10678749467
Malta,MLT,2010,8741059603
Marshall Islands,MHL,2010,164969100
Mauritania,MRT,2010,4337791007
Mauritius,MUS,2010,10003670690
Mexico,MEX,2010,1.0578E+12
"Micronesia, Fed. Sts.",FSM,2010,296525300
Moldova,MDA,2010,5811604052
Monaco,MCO,2010,5362649007
Mongolia,MNG,2010,7189481824
Montenegro,MNE,2010,4139192053
Morocco,MAR,2010,93216746662
Mozambique,MOZ,2010,10154238250
Myanmar,MMR,2010,49540813342
Namibia,NAM,2010,11282192605
Nauru,NRU,2010,49248810.57
Nepal,NPL,2010,16002656434
Netherlands,NLD,2010,8.3639E+11
New Zealand,NZL,2010,1.46584E+11
Nicaragua,NIC,2010,8758622329
Niger,NER,2010,5718664505
Nigeria,NGA,2010,3.6336E+11
North Macedonia,MKD,2010,9407168702
Northern Mariana Islands,MNP,2010,799000000
Norway,NOR,2010,4.29131E+11
Oman,OMN,2010,58642392718
Pakistan,PAK,2010,1.77407E+11
Palau,PLW,2010,182863000
Panama,PAN,2010,29440287600
Papua New Guinea,PNG,2010,14250726290
Paraguay,PRY,2010,27215968616
Peru,PER,2010,1.47529E+11
Philippines,PHL,2010,1.99591E+11
Poland,POL,2010,4.79258E+11
Portugal,PRT,2010,2.38303E+11
Puerto Rico,PRI,2010,98381300000
Qatar,QAT,2010,1.25122E+11
Romania,ROU,2010,1.66225E+11
Russian Federation,RUS,2010,1.52492E+12
Rwanda,RWA,2010,5773084568
Samoa,WSM,2010,643046733.4
San Marino,SMR,2010,2139072848
Sao Tome and Principe,STP,2010,197454053.1
Saudi Arabia,SAU,2010,5.28207E+11
Senegal,SEN,2010,16215069256
Serbia,SRB,2010,39460357731
Seychelles,SYC,2010,969936525.3
Sierra Leone,SLE,2010,2578026297
Singapore,SGP,2010,2.36422E+11
Slovak Republic,SVK,2010,89501012916
Slovenia,SVN,2010,48013606745
Solomon Islands,SLB,2010,681151193.5
South Africa,ZAF,2010,3.75349E+11
Spain,ESP,2010,1.43162E+12
Sri Lanka,LKA,2010,56725749222
St. Kitts and Nevis,KNA,2010,766785071.2
St. Lucia,LCA,2010,1382054667
St. Vincent and the Grenadines,VCT,2010,681225963
Sudan,SDN,2010,65634109237
Suriname,SUR,2010,4368398048
Sweden,SWE,2010,4.88378E+11
Switzerland,CHE,2010,5.83783E+11
Tajikistan,TJK,2010,5642178580
Tanzania,TZA,2010,31409598704
Thailand,THA,2010,3.41105E+11
Timor-Leste,TLS,2010,3998900000
Togo,TGO,2010,3426022206
Tonga,TON,2010,369485198.8
Trinidad and Tobago,TTO,2010,22157253321
Tunisia,TUN,2010,44050929160
Turkey,TUR,2010,7.71902E+11
Turkmenistan,TKM,2010,22583157895
Tuvalu,TUV,2010,31823518.62
Uganda,UGA,2010,20186496527
Ukraine,UKR,2010,1.36013E+11
United Arab Emirates,ARE,2010,2.89787E+11
United Kingdom,GBR,2010,2.44117E+12
United States,USA,2010,1.49644E+13
Uruguay,URY,2010,40284481652
Uzbekistan,UZB,2010,39332770929
Vanuatu,VUT,2010,700804286.2
"Venezuela, RB",VEN,2010,3.93192E+11
Vietnam,VNM,2010,1.15932E+11
Virgin Islands (U.S.),VIR,2010,4339000000
West Bank and Gaza,PSE,2010,8913100000
"Yemen, Rep.",YEM,2010,30906749533
Zambia,ZMB,2010,20265556274
Zimbabwe,ZWE,2010,12041655200
Afghanistan,AFG,2011,17804292964
Albania,ALB,2011,12890866743
Algeria,DZA,2011,2.00019E+11
American Samoa,ASM,2011,574000000
Andorra,AND,2011,3442062830
Angola,AGO,2011,1.1179E+11
Antigua and Barbuda,ATG,2011,1142042916
Argentina,ARG,2011,5.30163E+11
Armenia,ARM,2011,10142111334
Aruba,ABW,2011,2549720670
Australia,AUS,2011,1.39428E+12
Austria,AUT,2011,4.3112E+11
Azerbaijan,AZE,2011,65951627200
"Bahamas, The",BHS,2011,10070450000
Bahrain,BHR,2011,28776595745
Bangladesh,BGD,2011,1.28638E+11
Barbados,BRB,2011,4660900000
Belarus,BLR,2011,61757788945
Belgium,BEL,2011,5.27008E+11
Belize,BLZ,2011,1486595750
Benin,BEN,2011,7814081156
Bermuda,BMU,2011,5550771000
Bhutan,BTN,2011,1820207626
Bolivia,BOL,2011,23963162984
Bosnia and Herzegovina,BIH,2011,18644723861
Botswana,BWA,2011,15351972227
Brazil,BRA,2011,2.6162E+12
Brunei Darussalam,BRN,2011,18525319978
Bulgaria,BGR,2011,57418414504
Burkina Faso,BFA,2011,10724063458
Burundi,BDI,2011,2235820868
Cabo Verde,CPV,2011,1864824081
Cambodia,KHM,2011,12829541141
Cameroon,CMR,2011,29337006833
Canada,CAN,2011,1.78865E+12
Central African Republic,CAF,2011,2195599557
Chad,TCD,2011,12156380425
Chile,CHL,2011,2.52252E+11
China,CHN,2011,7.57255E+12
Colombia,COL,2011,3.34454E+11
Comoros,COM,2011,1021746833
"Congo, Dem. Rep.",COD,2011,25839749199
"Congo, Rep.",COG,2011,14425607180
Costa Rica,CRI,2011,42262697840
Cote d'Ivoire,CIV,2011,25381616734
Croatia,HRV,2011,62404149310
Cuba,CUB,2011,68990000000
Cyprus,CYP,2011,27426994718
Czech Republic,CZE,2011,2.27948E+11
Denmark,DNK,2011,3.44003E+11
Djibouti,DJI,2011,1239144502
Dominica,DMA,2011,501025296.3
Dominican Republic,DOM,2011,57811180659
Ecuador,ECU,2011,79276664000
"Egypt, Arab Rep.",EGY,2011,2.36002E+11
El Salvador,SLV,2011,20283783700
Equatorial Guinea,GNQ,2011,21329395901
Eritrea,ERI,2011,2607739837
Estonia,EST,2011,23170239901
Eswatini,SWZ,2011,4820499924
Ethiopia,ETH,2011,31952763089
Faroe Islands,FRO,2011,2468754075
Fiji,FJI,2011,3774530616
Finland,FIN,2011,2.73674E+11
France,FRA,2011,2.86141E+12
Gabon,GAB,2011,18186478120
"Gambia, The",GMB,2011,898290989.9
Georgia,GEO,2011,14434619972
Germany,DEU,2011,3.7577E+12
Ghana,GHA,2011,39566292433
Greece,GRC,2011,2.87798E+11
Greenland,GRL,2011,2684467376
Grenada,GRD,2011,778655925.9
Guam,GUM,2011,4928000000
Guatemala,GTM,2011,47654783851
Guinea,GIN,2011,6785137222
Guinea-Bissau,GNB,2011,1098379392
Guyana,GUY,2011,2576024016
Haiti,HTI,2011,7516834160
Honduras,HND,2011,17710315006
"Hong Kong SAR, China",HKG,2011,2.48514E+11
Hungary,HUN,2011,1.40782E+11
Iceland,ISL,2011,14732689535
India,IND,2011,1.82305E+12
Indonesia,IDN,2011,8.92969E+11
"Iran, Islamic Rep.",IRN,2011,5.835E+11
Iraq,IRQ,2011,1.8575E+11
Ireland,IRL,2011,2.39019E+11
Isle of Man,IMN,2011,6566098382
Israel,ISR,2011,2.61629E+11
Italy,ITA,2011,2.27629E+12
Jamaica,JAM,2011,14413359665
Japan,JPN,2011,6.15746E+12
Jordan,JOR,2011,28840263380
Kazakhstan,KAZ,2011,1.92627E+11
Kenya,KEN,2011,41953433591
Kiribati,KIR,2011,181705002.6
"Korea, Rep.",KOR,2011,1.20246E+12
Kosovo,XKX,2011,6691826522
Kuwait,KWT,2011,1.54028E+11
Kyrgyz Republic,KGZ,2011,6197766119
Lao PDR,LAO,2011,8749241114
Latvia,LVA,2011,28223552825
Lebanon,LBN,2011,40075674163
Lesotho,LSO,2011,2787951879
Liberia,LBR,2011,2398000000
Libya,LBY,2011,34699395524
Liechtenstein,LIE,2011,5739977477
Lithuania,LTU,2011,43476873413
Luxembourg,LUX,2011,60004630234
"Macao SAR, China",MAC,2011,36709860068
Madagascar,MDG,2011,9892702358
Malawi,MWI,2011,8004000737
Malaysia,MYS,2011,2.97952E+11
Maldives,MDV,2011,2774351760
Mali,MLI,2011,12978107561
Malta,MLT,2011,9505636642
Marshall Islands,MHL,2011,173260300
Mauritania,MRT,2011,5166341003
Mauritius,MUS,2011,11518393367
Mexico,MEX,2011,1.18049E+12
"Micronesia, Fed. Sts.",FSM,2011,310502100
Moldova,MDA,2011,7015206498
Monaco,MCO,2011,6080344732
Mongolia,MNG,2011,10409797649
Montenegro,MNE,2011,4538198499
Morocco,MAR,2011,1.0137E+11
Mozambique,MOZ,2011,13131168012
Myanmar,MMR,2011,59977326086
Namibia,NAM,2011,12409629836
Nauru,NRU,2011,72751801.05
Nepal,NPL,2011,18913574371
Netherlands,NLD,2011,8.93757E+11
New Zealand,NZL,2011,1.68462E+11
Nicaragua,NIC,2011,9774316692
Niger,NER,2011,6409184724
Nigeria,NGA,2011,4.10335E+11
North Macedonia,MKD,2011,10494632699
Northern Mariana Islands,MNP,2011,733000000
Norway,NOR,2011,4.98832E+11
Oman,OMN,2011,67937581274
Pakistan,PAK,2011,2.13587E+11
Palau,PLW,2011,193235600
Panama,PAN,2011,34686224300
Papua New Guinea,PNG,2011,17984816533
Paraguay,PRY,2011,33715524704
Peru,PER,2011,1.71762E+11
Philippines,PHL,2011,2.24143E+11
Poland,POL,2011,5.28725E+11
Portugal,PRT,2011,2.44895E+11
Puerto Rico,PRI,2011,1.00352E+11
Qatar,QAT,2011,1.67775E+11
Romania,ROU,2011,1.83443E+11
Russian Federation,RUS,2011,2.05166E+12
Rwanda,RWA,2011,6563320570
Samoa,WSM,2011,739785121.9
San Marino,SMR,2011,2054489853
Sao Tome and Principe,STP,2011,233213522.6
Saudi Arabia,SAU,2011,6.71239E+11
Senegal,SEN,2011,17878780185
Serbia,SRB,2011,46466728667
Seychelles,SYC,2011,1065826670
Sierra Leone,SLE,2011,2942546781
Singapore,SGP,2011,2.75967E+11
Slovak Republic,SVK,2011,98181259740
Slovenia,SVN,2011,51290792018
Solomon Islands,SLB,2011,932725583.3
South Africa,ZAF,2011,4.16419E+11
South Sudan,SSD,2011,17273335564
Spain,ESP,2011,1.48807E+12
Sri Lanka,LKA,2011,65292753006
St. Kitts and Nevis,KNA,2011,818728133
St. Lucia,LCA,2011,1438006889
St. Vincent and the Grenadines,VCT,2011,676129407.4
Sudan,SDN,2011,67327289320
Suriname,SUR,2011,4422646204
Sweden,SWE,2011,5.6311E+11
Switzerland,CHE,2011,6.9958E+11
Tajikistan,TJK,2011,6522732203
Tanzania,TZA,2011,33877905104
Thailand,THA,2011,3.70819E+11
Timor-Leste,TLS,2011,5681900000
Togo,TGO,2011,3867391618
Tonga,TON,2011,423011844.3
Trinidad and Tobago,TTO,2011,25366520907
Tunisia,TUN,2011,45810626509
Turkey,TUR,2011,8.32524E+11
Turkmenistan,TKM,2011,29233333333
Tuvalu,TUV,2011,38711827.75
Uganda,UGA,2011,20176025257
Ukraine,UKR,2011,1.6316E+11
United Arab Emirates,ARE,2011,3.50666E+11
United Kingdom,GBR,2011,2.6197E+12
United States,USA,2011,1.55179E+13
Uruguay,URY,2011,47962439304
Uzbekistan,UZB,2011,45915191189
Vanuatu,VUT,2011,792149700.7
"Venezuela, RB",VEN,2011,3.16482E+11
Vietnam,VNM,2011,1.35539E+11
Virgin Islands (U.S.),VIR,2011,4239000000
West Bank and Gaza,PSE,2011,10465400000
"Yemen, Rep.",YEM,2011,32726417878
Zambia,ZMB,2011,23460098340
Zimbabwe,ZWE,2011,14101920300
Afghanistan,AFG,2012,19907317066
Albania,ALB,2012,12319784886
Algeria,DZA,2012,2.09059E+11
American Samoa,ASM,2012,644000000
Andorra,AND,2012,3164615187
Angola,AGO,2012,1.28053E+11
Antigua and Barbuda,ATG,2012,1211411704
Argentina,ARG,2012,5.45982E+11
Armenia,ARM,2012,10619320049
Aruba,ABW,2012,2534636872
Australia,AUS,2012,1.54341E+12
Austria,AUT,2012,4.09425E+11
Azerbaijan,AZE,2012,69683935845
"Bahamas, The",BHS,2012,10720500000
Bahrain,BHR,2012,30749308511
Bangladesh,BGD,2012,1.33356E+11
Barbados,BRB,2012,4656350000
Belarus,BLR,2012,65685102555
Belgium,BEL,2012,4.97884E+11
Belize,BLZ,2012,1563827850
Benin,BEN,2012,8152554487
Bermuda,BMU,2012,5537537000
Bhutan,BTN,2012,1823692110
Bolivia,BOL,2012,27084497540
Bosnia and Herzegovina,BIH,2012,17226849297
Botswana,BWA,2012,14420393569
Brazil,BRA,2012,2.46519E+12
Brunei Darussalam,BRN,2012,19048495519
Bulgaria,BGR,2012,53903022339
Burkina Faso,BFA,2012,11166063467
Burundi,BDI,2012,2333308099
Cabo Verde,CPV,2012,1751888562
Cambodia,KHM,2012,14054443213
Cameroon,CMR,2012,29104437355
Canada,CAN,2012,1.82429E+12
Central African Republic,CAF,2012,2169706564
Chad,TCD,2012,12368071039
Chile,CHL,2012,2.67122E+11
China,CHN,2012,8.56055E+12
Colombia,COL,2012,3.70574E+11
Comoros,COM,2012,1015901205
"Congo, Dem. Rep.",COD,2012,29306235826
"Congo, Rep.",COG,2012,13677930124
Costa Rica,CRI,2012,46473128285
Cote d'Ivoire,CIV,2012,26790579775
Croatia,HRV,2012,56548374546
Cuba,CUB,2012,73141000000
Cyprus,CYP,2012,25041397919
Czech Republic,CZE,2012,2.07376E+11
Denmark,DNK,2012,3.27149E+11
Djibouti,DJI,2012,1353632942
Dominica,DMA,2012,485998000
Dominican Republic,DOM,2012,60657780261
Ecuador,ECU,2012,87924544000
"Egypt, Arab Rep.",EGY,2012,2.79373E+11
El Salvador,SLV,2012,21386153000
Equatorial Guinea,GNQ,2012,22389626329
Estonia,EST,2012,23043864510
Eswatini,SWZ,2012,4823831657
Ethiopia,ETH,2012,43310721414
Faroe Islands,FRO,2012,2356495468
Fiji,FJI,2012,3972012571
Finland,FIN,2012,2.56706E+11
France,FRA,2012,2.68383E+12
Gabon,GAB,2012,17171447372
"Gambia, The",GMB,2012,910026155.7
Georgia,GEO,2012,15846474598
Germany,DEU,2012,3.54398E+12
Ghana,GHA,2012,41939728979
Greece,GRC,2012,2.45671E+11
Greenland,GRL,2012,2609667674
Grenada,GRD,2012,799882259.3
Guam,GUM,2012,5199000000
Guatemala,GTM,2012,50388460920
Guinea,GIN,2012,7638045248
Guinea-Bissau,GNB,2012,989327811.8
Guyana,GUY,2012,2861560061
Haiti,HTI,2012,7890216508
Honduras,HND,2012,18528601901
"Hong Kong SAR, China",HKG,2012,2.62629E+11
Hungary,HUN,2012,1.27857E+11
Iceland,ISL,2012,14292008745
India,IND,2012,1.82764E+12
Indonesia,IDN,2012,9.1787E+11
"Iran, Islamic Rep.",IRN,2012,5.98853E+11
Iraq,IRQ,2012,2.18001E+11
Ireland,IRL,2012,2.25572E+11
Isle of Man,IMN,2012,6433357030
Israel,ISR,2012,2.57297E+11
Italy,ITA,2012,2.07282E+12
Jamaica,JAM,2012,14798716216
Japan,JPN,2012,6.20321E+12
Jordan,JOR,2012,30937277606
Kazakhstan,KAZ,2012,2.07999E+11
Kenya,KEN,2012,50412754861
Kiribati,KIR,2012,190243321.6
"Korea, Rep.",KOR,2012,1.22281E+12
Kosovo,XKX,2012,6499935757
Kuwait,KWT,2012,1.7407E+11
Kyrgyz Republic,KGZ,2012,6605139933
Lao PDR,LAO,2012,10191350120
Latvia,LVA,2012,28119996053
Lebanon,LBN,2012,44047334184
Lesotho,LSO,2012,2678475775
Liberia,LBR,2012,2721000000
Libya,LBY,2012,81873662519
Liechtenstein,LIE,2012,5456009385
Lithuania,LTU,2012,42848195256
Luxembourg,LUX,2012,56677961787
"Macao SAR, China",MAC,2012,43031577366
Madagascar,MDG,2012,9919780071
Malawi,MWI,2012,6028487929
Malaysia,MYS,2012,3.14443E+11
Maldives,MDV,2012,2886170572
Mali,MLI,2012,12442747897
Malta,MLT,2012,9205742002
Marshall Islands,MHL,2012,185210500
Mauritania,MRT,2012,5231255478
Mauritius,MUS,2012,11668685524
Mexico,MEX,2012,1.20109E+12
"Micronesia, Fed. Sts.",FSM,2012,326128700
Moldova,MDA,2012,7284686576
Monaco,MCO,2012,5743029680
Mongolia,MNG,2012,12292770631
Montenegro,MNE,2012,4087724528
Morocco,MAR,2012,98266306615
Mozambique,MOZ,2012,14534278440
Myanmar,MMR,2012,59937797559
Namibia,NAM,2012,13016272899
Nauru,NRU,2012,103811958.8
Nepal,NPL,2012,18851513891
Netherlands,NLD,2012,8.28947E+11
New Zealand,NZL,2012,1.76193E+11
Nicaragua,NIC,2012,10532001130
Niger,NER,2012,6942258305
Nigeria,NGA,2012,4.59376E+11
North Macedonia,MKD,2012,9745251126
Northern Mariana Islands,MNP,2012,751000000
Norway,NOR,2012,5.10229E+11
Oman,OMN,2012,76689206762
Pakistan,PAK,2012,2.24384E+11
Palau,PLW,2012,214648500
Panama,PAN,2012,40429734400
Papua New Guinea,PNG,2012,21295834133
Paraguay,PRY,2012,33283228891
Peru,PER,2012,1.92649E+11
Philippines,PHL,2012,2.50092E+11
Poland,POL,2012,5.00284E+11
Portugal,PRT,2012,2.16368E+11
Puerto Rico,PRI,2012,1.01565E+11
Qatar,QAT,2012,1.86834E+11
Romania,ROU,2012,1.71196E+11
Russian Federation,RUS,2012,2.21026E+12
Rwanda,RWA,2012,7334917697
Samoa,WSM,2012,801168622.3
San Marino,SMR,2012,1800077091
Sao Tome and Principe,STP,2012,252560557.1
Saudi Arabia,SAU,2012,7.35975E+11
Senegal,SEN,2012,17825417949
Serbia,SRB,2012,40742313861
Seychelles,SYC,2012,1060222480
Sierra Leone,SLE,2012,3801862611
Singapore,SGP,2012,2.90674E+11
Slovak Republic,SVK,2012,93413992956
Slovenia,SVN,2012,46352802766
Solomon Islands,SLB,2012,1063879446
South Africa,ZAF,2012,3.96328E+11
South Sudan,SSD,2012,11266779661
Spain,ESP,2012,1.33602E+12
Sri Lanka,LKA,2012,68434409315
St. Kitts and Nevis,KNA,2012,800392821.2
St. Lucia,LCA,2012,1436447074
St. Vincent and the Grenadines,VCT,2012,692933740.7
Sudan,SDN,2012,68125631150
Suriname,SUR,2012,4958566170
Sweden,SWE,2012,5.43881E+11
Switzerland,CHE,2012,6.68044E+11
Tajikistan,TJK,2012,7633049792
Tanzania,TZA,2012,39087797980
Thailand,THA,2012,3.97558E+11
Timor-Leste,TLS,2012,6671000000
Togo,TGO,2012,3873529926
Tonga,TON,2012,472358251.2
Trinidad and Tobago,TTO,2012,25601811994
Tunisia,TUN,2012,45044112939
Turkey,TUR,2012,8.73982E+11
Turkmenistan,TKM,2012,35164210526
Tuvalu,TUV,2012,37671734.83
Uganda,UGA,2012,23114293416
Ukraine,UKR,2012,1.75781E+11
United Arab Emirates,ARE,2012,3.74591E+11
United Kingdom,GBR,2012,2.66209E+12
United States,USA,2012,1.61553E+13
Uruguay,URY,2012,51264390116
Uzbekistan,UZB,2012,51821573338
Vanuatu,VUT,2012,781702874.1
"Venezuela, RB",VEN,2012,3.81286E+11
Vietnam,VNM,2012,1.5582E+11
Virgin Islands (U.S.),VIR,2012,4095000000
West Bank and Gaza,PSE,2012,11279400000
"Yemen, Rep.",YEM,2012,35401339869
Zambia,ZMB,2012,25503370699
Zimbabwe,ZWE,2012,17114849900
Afghanistan,AFG,2013,20561069558
Albania,ALB,2013,12776280961
Algeria,DZA,2013,2.09755E+11
American Samoa,ASM,2013,641000000
Andorra,AND,2013,3281585236
Angola,AGO,2013,1.3671E+11
Antigua and Barbuda,ATG,2013,1192919619
Argentina,ARG,2013,5.52025E+11
Armenia,ARM,2013,11121465767
Aruba,ABW,2013,2581564246
Australia,AUS,2013,1.5737E+12
Austria,AUT,2013,4.30069E+11
Azerbaijan,AZE,2013,74164435946
"Bahamas, The",BHS,2013,10627600000
Bahrain,BHR,2013,32539547872
Bangladesh,BGD,2013,1.4999E+11
Barbados,BRB,2013,4612500000
Belarus,BLR,2013,75527984234
Belgium,BEL,2013,5.20925E+11
Belize,BLZ,2013,1608442150
Benin,BEN,2013,9157355680
Bermuda,BMU,2013,5573710000
Bhutan,BTN,2013,1798333726
Bolivia,BOL,2013,30659338929
Bosnia and Herzegovina,BIH,2013,18178503835
Botswana,BWA,2013,14901750765
Brazil,BRA,2013,2.47281E+12
Brunei Darussalam,BRN,2013,18093829923
Bulgaria,BGR,2013,55555171010
Burkina Faso,BFA,2013,11947176342
Burundi,BDI,2013,2451625333
Cabo Verde,CPV,2013,1850470042
Cambodia,KHM,2013,15227991395
Cameroon,CMR,2013,32348149947
Canada,CAN,2013,1.84263E+12
Central African Republic,CAF,2013,1518565298
Chad,TCD,2013,12949854263
Chile,CHL,2013,2.78384E+11
China,CHN,2013,9.60722E+12
Colombia,COL,2013,3.81867E+11
Comoros,COM,2013,1115906342
"Congo, Dem. Rep.",COD,2013,32679745298
"Congo, Rep.",COG,2013,14085851348
Costa Rica,CRI,2013,49745088112
Cote d'Ivoire,CIV,2013,31273049200
Croatia,HRV,2013,58147688052
Cuba,CUB,2013,77148000000
Cyprus,CYP,2013,24084559214
Czech Republic,CZE,2013,2.09402E+11
Denmark,DNK,2013,3.43584E+11
Djibouti,DJI,2013,1324733712
Dominica,DMA,2013,501979148.1
Dominican Republic,DOM,2013,62661773592
Ecuador,ECU,2013,95129659000
"Egypt, Arab Rep.",EGY,2013,2.88586E+11
El Salvador,SLV,2013,21977401900
Equatorial Guinea,GNQ,2013,21942597765
Estonia,EST,2013,25137153149
Eswatini,SWZ,2013,4560713074
Ethiopia,ETH,2013,47648211133
Faroe Islands,FRO,2013,2613464380
Fiji,FJI,2013,4190143206
Finland,FIN,2013,2.6998E+11
France,FRA,2013,2.81108E+12
Gabon,GAB,2013,17590745162
"Gambia, The",GMB,2013,1367041585
Georgia,GEO,2013,16140047042
Germany,DEU,2013,3.75251E+12
Ghana,GHA,2013,63277216929
Greece,GRC,2013,2.39862E+11
Greenland,GRL,2013,2669515517
Grenada,GRD,2013,842620111.1
Guam,GUM,2013,5336000000
Guatemala,GTM,2013,53851148432
Guinea,GIN,2013,8376613797
Guinea-Bissau,GNB,2013,1045790133
Guyana,GUY,2013,2987684143
Haiti,HTI,2013,8452509316
Honduras,HND,2013,18499710128
"Hong Kong SAR, China",HKG,2013,2.75697E+11
Hungary,HUN,2013,1.35216E+11
Iceland,ISL,2013,15548321544
India,IND,2013,1.85672E+12
Indonesia,IDN,2013,9.12524E+11
"Iran, Islamic Rep.",IRN,2013,4.67415E+11
Iraq,IRQ,2013,2.34648E+11
Ireland,IRL,2013,2.39389E+11
Isle of Man,IMN,2013,6754330155
Israel,ISR,2013,2.92489E+11
Italy,ITA,2013,2.13049E+12
Jamaica,JAM,2013,14193012191
Japan,JPN,2013,5.15572E+12
Jordan,JOR,2013,33593843662
Kazakhstan,KAZ,2013,2.36635E+11
Kenya,KEN,2013,55096728048
Kiribati,KIR,2013,185113921.6
"Korea, Rep.",KOR,2013,1.3056E+12
Kosovo,XKX,2013,7071959639
Kuwait,KWT,2013,1.74161E+11
Kyrgyz Republic,KGZ,2013,7335027592
Lao PDR,LAO,2013,11942230508
Latvia,LVA,2013,30254677297
Lebanon,LBN,2013,46471385850
Lesotho,LSO,2013,2526009059
Liberia,LBR,2013,3067000000
Libya,LBY,2013,65502870174
Liechtenstein,LIE,2013,6391735894
Lithuania,LTU,2013,46417340375
Luxembourg,LUX,2013,61739352212
"Macao SAR, China",MAC,2013,51552075902
Madagascar,MDG,2013,10601690872
Malawi,MWI,2013,5518880769
Malaysia,MYS,2013,3.23277E+11
Maldives,MDV,2013,3295011382
Mali,MLI,2013,13246412031
Malta,MLT,2013,10146688739
Marshall Islands,MHL,2013,190800800
Mauritania,MRT,2013,5724227185
Mauritius,MUS,2013,12129642296
Mexico,MEX,2013,1.27444E+12
"Micronesia, Fed. Sts.",FSM,2013,316040600
Moldova,MDA,2013,7985387152
Monaco,MCO,2013,6553372278
Mongolia,MNG,2013,12582122604
Montenegro,MNE,2013,4464261816
Morocco,MAR,2013,1.06826E+11
Mozambique,MOZ,2013,16018848994
Myanmar,MMR,2013,60269734045
Namibia,NAM,2013,12717790505
Nauru,NRU,2013,108601538.5
Nepal,NPL,2013,19271168018
Netherlands,NLD,2013,8.6668E+11
New Zealand,NZL,2013,1.90785E+11
Nicaragua,NIC,2013,10982972256
Niger,NER,2013,7667952566
Nigeria,NGA,2013,5.14966E+11
North Macedonia,MKD,2013,10817712139
Northern Mariana Islands,MNP,2013,782000000
Norway,NOR,2013,5.23502E+11
Oman,OMN,2013,78784395319
Pakistan,PAK,2013,2.31219E+11
Palau,PLW,2013,225345700
Panama,PAN,2013,45599994000
Papua New Guinea,PNG,2013,21261305413
Paraguay,PRY,2013,38585317743
Peru,PER,2013,2.01218E+11
Philippines,PHL,2013,2.71836E+11
Poland,POL,2013,5.24201E+11
Portugal,PRT,2013,2.26073E+11
Puerto Rico,PRI,2013,1.0245E+11
Qatar,QAT,2013,1.98728E+11
Romania,ROU,2013,1.90949E+11
Russian Federation,RUS,2013,2.29713E+12
Rwanda,RWA,2013,7621923308
Samoa,WSM,2013,804808525.5
San Marino,SMR,2013,1865374403
Sao Tome and Principe,STP,2013,302924711.4
Saudi Arabia,SAU,2013,7.46647E+11
Senegal,SEN,2013,18960182371
Serbia,SRB,2013,45519650911
Seychelles,SYC,2013,1328158360
Sierra Leone,SLE,2013,4920343195
Singapore,SGP,2013,3.04454E+11
Slovak Republic,SVK,2013,98478349315
Slovenia,SVN,2013,48116256926
Solomon Islands,SLB,2013,1129787198
Somalia,SOM,2013,6481000000
South Africa,ZAF,2013,3.66643E+11
South Sudan,SSD,2013,14940338983
Spain,ESP,2013,1.36185E+12
Sri Lanka,LKA,2013,74317806538
St. Kitts and Nevis,KNA,2013,849496203.9
St. Lucia,LCA,2013,1469795741
St. Vincent and the Grenadines,VCT,2013,721208998.2
Sudan,SDN,2013,72065940086
Suriname,SUR,2013,5149556634
Sweden,SWE,2013,5.78742E+11
Switzerland,CHE,2013,6.88504E+11
Tajikistan,TJK,2013,8506045086
Tanzania,TZA,2013,44413614439
Thailand,THA,2013,4.20333E+11
Timor-Leste,TLS,2013,5649800000
Togo,TGO,2013,4320427496
Tonga,TON,2013,450686353.7
Trinidad and Tobago,TTO,2013,26578524198
Tunisia,TUN,2013,46251061734
Turkey,TUR,2013,9.50579E+11
Turkmenistan,TKM,2013,39197543860
Tuvalu,TUV,2013,37509122.07
Uganda,UGA,2013,24599550624
Ukraine,UKR,2013,1.8331E+11
United Arab Emirates,ARE,2013,3.90108E+11
United Kingdom,GBR,2013,2.73982E+12
United States,USA,2013,1.66915E+13
Uruguay,URY,2013,57531233351
Uzbekistan,UZB,2013,57690453461
Vanuatu,VUT,2013,801787555.9
"Venezuela, RB",VEN,2013,3.71005E+11
Vietnam,VNM,2013,1.71222E+11
Virgin Islands (U.S.),VIR,2013,3762000000
West Bank and Gaza,PSE,2013,12476000000
"Yemen, Rep.",YEM,2013,40415233436
Zambia,ZMB,2013,28045460442
Zimbabwe,ZWE,2013,19091020000
Afghanistan,AFG,2014,20484885120
Albania,ALB,2014,13228247844
Algeria,DZA,2014,2.1381E+11
American Samoa,ASM,2014,643000000
Andorra,AND,2014,3350736367
Angola,AGO,2014,1.45712E+11
Antigua and Barbuda,ATG,2014,1275576784
Argentina,ARG,2014,5.2632E+11
Armenia,ARM,2014,11609512940
Aruba,ABW,2014,2649720670
Australia,AUS,2014,1.46496E+12
Austria,AUT,2014,4.41885E+11
Azerbaijan,AZE,2014,75244294275
"Bahamas, The",BHS,2014,10957300000
Bahrain,BHR,2014,33387712766
Bangladesh,BGD,2014,1.72885E+11
Barbados,BRB,2014,4608350000
Belarus,BLR,2014,78813839984
Belgium,BEL,2014,5.30771E+11
Belize,BLZ,2014,1692955750
Benin,BEN,2014,9707432016
Bhutan,BTN,2014,1958819096
Bolivia,BOL,2014,32996187988
Bosnia and Herzegovina,BIH,2014,18558343508
Botswana,BWA,2014,16250750259
Brazil,BRA,2014,2.45599E+12
Brunei Darussalam,BRN,2014,17098342541
Bulgaria,BGR,2014,56814543481
Burkina Faso,BFA,2014,12377391463
Burundi,BDI,2014,2705783272
Cabo Verde,CPV,2014,1859898513
Cambodia,KHM,2014,16702610842
Cameroon,CMR,2014,34942948737
Canada,CAN,2014,1.79927E+12
Central African Republic,CAF,2014,1702899386
Chad,TCD,2014,13922223234
Chile,CHL,2014,2.60584E+11
China,CHN,2014,1.04824E+13
Colombia,COL,2014,3.81112E+11
Comoros,COM,2014,1148058015
"Congo, Dem. Rep.",COD,2014,35909040266
"Congo, Rep.",COG,2014,14177437982
Costa Rica,CRI,2014,50577769838
Cote d'Ivoire,CIV,2014,35343298114
Croatia,HRV,2014,57671307487
Cuba,CUB,2014,80656000000
Cyprus,CYP,2014,23364707443
Czech Republic,CZE,2014,2.07818E+11
Denmark,DNK,2014,3.52994E+11
Djibouti,DJI,2014,1455035089
Dominica,DMA,2014,523540777.8
Dominican Republic,DOM,2014,66065015410
Ecuador,ECU,2014,1.01726E+11
"Egypt, Arab Rep.",EGY,2014,3.0553E+11
El Salvador,SLV,2014,22585841200
Equatorial Guinea,GNQ,2014,21736500713
Estonia,EST,2014,26224622451
Eswatini,SWZ,2014,4377293816
Ethiopia,ETH,2014,55612228234
Faroe Islands,FRO,2014,2810547884
Fiji,FJI,2014,4483416340
Finland,FIN,2014,2.72609E+11
France,FRA,2014,2.85217E+12
Gabon,GAB,2014,18179752010
"Gambia, The",GMB,2014,1259063630
Georgia,GEO,2014,16509305829
Germany,DEU,2014,3.89061E+12
Ghana,GHA,2014,53601126664
Greece,GRC,2014,2.3703E+11
Greenland,GRL,2014,2837737194
Grenada,GRD,2014,911497407.4
Guam,GUM,2014,5538000000
Guatemala,GTM,2014,58722323918
Guinea,GIN,2014,8778473641
Guinea-Bissau,GNB,2014,1053512334
Guyana,GUY,2014,3077643261
Haiti,HTI,2014,8776350790
Honduras,HND,2014,19756494435
"Hong Kong SAR, China",HKG,2014,2.91459E+11
Hungary,HUN,2014,1.40118E+11
Iceland,ISL,2014,17304033021
India,IND,2014,2.03913E+12
Indonesia,IDN,2014,8.90815E+11
"Iran, Islamic Rep.",IRN,2014,4.34475E+11
Iraq,IRQ,2014,2.34648E+11
Ireland,IRL,2014,2.58099E+11
Isle of Man,IMN,2014,7428280402
Israel,ISR,2014,3.08417E+11
Italy,ITA,2014,2.15173E+12
Jamaica,JAM,2014,13852192273
Japan,JPN,2014,4.85041E+12
Jordan,JOR,2014,35826925775
Kazakhstan,KAZ,2014,2.21416E+11
Kenya,KEN,2014,61448041564
Kiribati,KIR,2014,179703443.3
"Korea, Rep.",KOR,2014,1.41133E+12
Kosovo,XKX,2014,7386891336
Kuwait,KWT,2014,1.62631E+11
Kyrgyz Republic,KGZ,2014,7468096567
Lao PDR,LAO,2014,13268458232
Latvia,LVA,2014,31335013752
Lebanon,LBN,2014,48524603055
Lesotho,LSO,2014,2614566294
Liberia,LBR,2014,3144000000
Libya,LBY,2014,41142722414
Liechtenstein,LIE,2014,6657170923
Lithuania,LTU,2014,48516371721
Luxembourg,LUX,2014,66327344189
"Macao SAR, China",MAC,2014,55347998648
Madagascar,MDG,2014,10673516673
Malawi,MWI,2014,6047813437
Malaysia,MYS,2014,3.38062E+11
Maldives,MDV,2014,3697351597
Mali,MLI,2014,14345828992
Malta,MLT,2014,11216758082
Marshall Islands,MHL,2014,183121300
Mauritania,MRT,2014,5391475277
Mauritius,MUS,2014,12803445934
Mexico,MEX,2014,1.31456E+12
"Micronesia, Fed. Sts.",FSM,2014,317999400
Moldova,MDA,2014,7983241044
Monaco,MCO,2014,7060236168
Mongolia,MNG,2014,12226514722
Montenegro,MNE,2014,4587926231
Morocco,MAR,2014,1.10081E+11
Mozambique,MOZ,2014,16961117243
Myanmar,MMR,2014,65446199788
Namibia,NAM,2014,12786078008
Nauru,NRU,2014,117020381.9
Nepal,NPL,2014,20002968838
Netherlands,NLD,2014,8.79635E+11
New Zealand,NZL,2014,2.00955E+11
Nicaragua,NIC,2014,11880438824
Niger,NER,2014,8229731384
Nigeria,NGA,2014,5.68499E+11
North Macedonia,MKD,2014,11362272838
Northern Mariana Islands,MNP,2014,845000000
Norway,NOR,2014,4.99339E+11
Oman,OMN,2014,81076723017
Pakistan,PAK,2014,2.44361E+11
Palau,PLW,2014,245675100
Panama,PAN,2014,49921464365
Papua New Guinea,PNG,2014,23060047128
Paraguay,PRY,2014,40276532541
Peru,PER,2014,2.01081E+11
Philippines,PHL,2014,2.84585E+11
Poland,POL,2014,5.45285E+11
Portugal,PRT,2014,2.2963E+11
Puerto Rico,PRI,2014,1.02446E+11
Qatar,QAT,2014,2.06225E+11
Romania,ROU,2014,1.99627E+11
Russian Federation,RUS,2014,2.06366E+12
Rwanda,RWA,2014,8016591928
Samoa,WSM,2014,805162571.8
San Marino,SMR,2014,1788510017
Sao Tome and Principe,STP,2014,348941715.4
Saudi Arabia,SAU,2014,7.5635E+11
Senegal,SEN,2014,19770919167
Serbia,SRB,2014,44210806366
Seychelles,SYC,2014,1343010475
Sierra Leone,SLE,2014,5015157816
Singapore,SGP,2014,3.11539E+11
Slovak Republic,SVK,2014,1.00948E+11
Slovenia,SVN,2014,49904928335
Solomon Islands,SLB,2014,1172268301
Somalia,SOM,2014,6562001351
South Africa,ZAF,2014,3.50636E+11
South Sudan,SSD,2014,15099661017
Spain,ESP,2014,1.37691E+12
Sri Lanka,LKA,2014,79356449841
St. Kitts and Nevis,KNA,2014,916857359.5
St. Lucia,LCA,2014,1516576963
St. Vincent and the Grenadines,VCT,2014,727714407.1
Sudan,SDN,2014,82151588419
Suriname,SUR,2014,5235212206
Sweden,SWE,2014,5.73818E+11
Switzerland,CHE,2014,7.09183E+11
Tajikistan,TJK,2014,9236309138
Tanzania,TZA,2014,48219739331
Thailand,THA,2014,4.07339E+11
Timor-Leste,TLS,2014,4045400000
Togo,TGO,2014,4568900620
Tonga,TON,2014,443911052.3
Trinidad and Tobago,TTO,2014,27200280855
Tunisia,TUN,2014,47632326088
Turkey,TUR,2014,9.34186E+11
Turkmenistan,TKM,2014,43524210526
Tuvalu,TUV,2014,37290587.5
Uganda,UGA,2014,27291879819
Ukraine,UKR,2014,1.33503E+11
United Arab Emirates,ARE,2014,4.03137E+11
United Kingdom,GBR,2014,3.02283E+12
United States,USA,2014,1.74276E+13
Uruguay,URY,2014,57236013086
Uzbekistan,UZB,2014,63067077179
Vanuatu,VUT,2014,814954307
"Venezuela, RB",VEN,2014,4.82359E+11
Vietnam,VNM,2014,1.86205E+11
Virgin Islands (U.S.),VIR,2014,3622000000
West Bank and Gaza,PSE,2014,12715600000
"Yemen, Rep.",YEM,2014,43228583935
Zambia,ZMB,2014,27150630607
Zimbabwe,ZWE,2014,19495519600
Afghanistan,AFG,2015,19907111419
Albania,ALB,2015,11386931490
Algeria,DZA,2015,1.65979E+11
American Samoa,ASM,2015,661000000
Andorra,AND,2015,2811489409
Angola,AGO,2015,1.16194E+11
Antigua and Barbuda,ATG,2015,1359194737
Argentina,ARG,2015,5.94749E+11
Armenia,ARM,2015,10553337673
Aruba,ABW,2015,2691620112
Australia,AUS,2015,1.34903E+12
Austria,AUT,2015,3.82066E+11
Azerbaijan,AZE,2015,53074370486
"Bahamas, The",BHS,2015,11792300000
Bahrain,BHR,2015,31125851064
Bangladesh,BGD,2015,1.95079E+11
Barbados,BRB,2015,4584150000
Belarus,BLR,2015,56454734397
Belgium,BEL,2015,4.5504E+11
Belize,BLZ,2015,1762500450
Benin,BEN,2015,8291155881
Bhutan,BTN,2015,2059809920
Bolivia,BOL,2015,33000198263
Bosnia and Herzegovina,BIH,2015,16209702864
Botswana,BWA,2015,14406496464
Brazil,BRA,2015,1.80221E+12
Brunei Darussalam,BRN,2015,12930394938
Bulgaria,BGR,2015,50201314895
Burkina Faso,BFA,2015,10419303761
Burundi,BDI,2015,3104394858
Cabo Verde,CPV,2015,1596800287
Cambodia,KHM,2015,18049954289
Cameroon,CMR,2015,30916218544
Canada,CAN,2015,1.55962E+12
Central African Republic,CAF,2015,1583776806
Chad,TCD,2015,10945989472
Chile,CHL,2015,2.43999E+11
China,CHN,2015,1.10647E+13
Colombia,COL,2015,2.93482E+11
Comoros,COM,2015,988150249.5
"Congo, Dem. Rep.",COD,2015,37917704900
"Congo, Rep.",COG,2015,8553154580
Costa Rica,CRI,2015,54775994478
Cote d'Ivoire,CIV,2015,39633467836
Croatia,HRV,2015,49490142433
Cuba,CUB,2015,87133000000
Cyprus,CYP,2015,19680625485
Czech Republic,CZE,2015,1.8683E+11
Denmark,DNK,2015,3.01298E+11
Djibouti,DJI,2015,1633741923
Dominica,DMA,2015,540830666.7
Dominican Republic,DOM,2015,68802092021
Ecuador,ECU,2015,99290381000
"Egypt, Arab Rep.",EGY,2015,3.32698E+11
El Salvador,SLV,2015,23166030400
Equatorial Guinea,GNQ,2015,13180195435
Estonia,EST,2015,22566956982
Eswatini,SWZ,2015,4020275298
Ethiopia,ETH,2015,64464547915
Faroe Islands,FRO,2015,2476746087
Fiji,FJI,2015,4362128146
Finland,FIN,2015,2.32465E+11
France,FRA,2015,2.43821E+12
Gabon,GAB,2015,14377324798
"Gambia, The",GMB,2015,1394149615
Georgia,GEO,2015,13993546748
Germany,DEU,2015,3.37561E+12
Ghana,GHA,2015,49181854798
Greece,GRC,2015,1.95542E+11
Greenland,GRL,2015,2520206900
Grenada,GRD,2015,997007925.9
Guam,GUM,2015,5710000000
Guatemala,GTM,2015,63767597194
Guinea,GIN,2015,8794202410
Guinea-Bissau,GNB,2015,1047808175
Guyana,GUY,2015,3197222215
Haiti,HTI,2015,8724656126
Honduras,HND,2015,20979767785
"Hong Kong SAR, China",HKG,2015,3.09384E+11
Hungary,HUN,2015,1.22879E+11
Iceland,ISL,2015,16942247374
India,IND,2015,2.10239E+12
Indonesia,IDN,2015,8.60854E+11
"Iran, Islamic Rep.",IRN,2015,3.85874E+11
Iraq,IRQ,2015,1.77499E+11
Ireland,IRL,2015,2.90617E+11
Isle of Man,IMN,2015,6792417112
Israel,ISR,2015,2.99094E+11
Italy,ITA,2015,1.83287E+12
Jamaica,JAM,2015,14145469269
Japan,JPN,2015,4.39498E+12
Jordan,JOR,2015,37517410282
Kazakhstan,KAZ,2015,1.84388E+11
Kenya,KEN,2015,64007751188
Kiribati,KIR,2015,171117872.4
"Korea, Rep.",KOR,2015,1.38276E+12
Kosovo,XKX,2015,6440612177
Kuwait,KWT,2015,1.14567E+11
Kyrgyz Republic,KGZ,2015,6678178340
Lao PDR,LAO,2015,14390391264
Latvia,LVA,2015,26972863394
Lebanon,LBN,2015,49910270062
Lesotho,LSO,2015,2510312805
Liberia,LBR,2015,3177000000
Libya,LBY,2015,27842131486
Liechtenstein,LIE,2015,6268391521
Lithuania,LTU,2015,41508609233
Luxembourg,LUX,2015,57784495265
"Macao SAR, China",MAC,2015,45361678147
Madagascar,MDG,2015,9744243531
Malawi,MWI,2015,6373212641
Malaysia,MYS,2015,2.96636E+11
Maldives,MDV,2015,4109424801
Mali,MLI,2015,13099495530
Malta,MLT,2015,10554669618
Marshall Islands,MHL,2015,179697900
Mauritania,MRT,2015,4844223107
Mauritius,MUS,2015,11692287066
Mexico,MEX,2015,1.17056E+12
"Micronesia, Fed. Sts.",FSM,2015,315179700
Moldova,MDA,2015,6512885830
Monaco,MCO,2015,6258178995
Mongolia,MNG,2015,11749620620
Montenegro,MNE,2015,4052913386
Morocco,MAR,2015,1.0118E+11
Mozambique,MOZ,2015,14798413628
Myanmar,MMR,2015,59687410897
Namibia,NAM,2015,11650656642
Nauru,NRU,2015,100459782.6
Nepal,NPL,2015,21410840909
Netherlands,NLD,2015,7.57999E+11
New Zealand,NZL,2015,1.77621E+11
Nicaragua,NIC,2015,12611087031
Niger,NER,2015,7217667781
Nigeria,NGA,2015,4.94583E+11
North Macedonia,MKD,2015,10064515432
Northern Mariana Islands,MNP,2015,931000000
Norway,NOR,2015,3.86663E+11
Oman,OMN,2015,68905071521
Pakistan,PAK,2015,2.70556E+11
Palau,PLW,2015,293124000
Panama,PAN,2015,54091713776
Papua New Guinea,PNG,2015,20638636035
Paraguay,PRY,2015,36164068797
Peru,PER,2015,1.89927E+11
Philippines,PHL,2015,2.92774E+11
Poland,POL,2015,4.76971E+11
Portugal,PRT,2015,1.9942E+11
Puerto Rico,PRI,2015,1.03376E+11
Qatar,QAT,2015,1.6174E+11
Romania,ROU,2015,1.77893E+11
Russian Federation,RUS,2015,1.3684E+12
Rwanda,RWA,2015,8277613194
Samoa,WSM,2015,804100582.5
San Marino,SMR,2015,1523012088
Sao Tome and Principe,STP,2015,315521532
Saudi Arabia,SAU,2015,6.5427E+11
Senegal,SEN,2015,17767620059
Serbia,SRB,2015,37160332465
Seychelles,SYC,2015,1377492466
Sierra Leone,SLE,2015,4218723875
Singapore,SGP,2015,3.04098E+11
Slovak Republic,SVK,2015,87501423882
Slovenia,SVN,2015,43072415017
Solomon Islands,SLB,2015,1154650069
Somalia,SOM,2015,6659000748
South Africa,ZAF,2015,3.17537E+11
South Sudan,SSD,2015,10906867790
Spain,ESP,2015,1.19779E+12
Sri Lanka,LKA,2015,80604080689
St. Kitts and Nevis,KNA,2015,936314411.5
St. Lucia,LCA,2015,1622436704
St. Vincent and the Grenadines,VCT,2015,755458031.4
Sudan,SDN,2015,97156119150
Suriname,SUR,2015,4767414748
Sweden,SWE,2015,4.97918E+11
Switzerland,CHE,2015,6.79289E+11
Tajikistan,TJK,2015,7854602392
Tanzania,TZA,2015,45628320355
Thailand,THA,2015,4.01399E+11
Timor-Leste,TLS,2015,3104400000
Togo,TGO,2015,4179185205
Tonga,TON,2015,435438217.3
Trinidad and Tobago,TTO,2015,24401734195
Tunisia,TUN,2015,43152528548
Turkey,TUR,2015,8.59797E+11
Turkmenistan,TKM,2015,35799714286
Tuvalu,TUV,2015,35556038.82
Uganda,UGA,2015,27102650387
Ukraine,UKR,2015,91030959455
United Arab Emirates,ARE,2015,3.58135E+11
United Kingdom,GBR,2015,2.88557E+12
United States,USA,2015,1.81207E+13
Uruguay,URY,2015,53274304222
Uzbekistan,UZB,2015,66903804143
Vanuatu,VUT,2015,737917151.4
Vietnam,VNM,2015,1.93241E+11
Virgin Islands (U.S.),VIR,2015,3759000000
West Bank and Gaza,PSE,2015,12673000000
"Yemen, Rep.",YEM,2015,45593573381
Zambia,ZMB,2015,21154394546
Zimbabwe,ZWE,2015,19963120600
Afghanistan,AFG,2016,19046357714
Albania,ALB,2016,11883682171
Algeria,DZA,2016,1.6013E+11
American Samoa,ASM,2016,653000000
Andorra,AND,2016,2877311947
Angola,AGO,2016,1.01124E+11
Antigua and Barbuda,ATG,2016,1464630213
Argentina,ARG,2016,5.54861E+11
Armenia,ARM,2016,10546135160
Aruba,ABW,2016,2646927374
Australia,AUS,2016,1.20804E+12
Austria,AUT,2016,3.908E+11
Azerbaijan,AZE,2016,37867518957
"Bahamas, The",BHS,2016,11838800000
Bahrain,BHR,2016,32152686170
Bangladesh,BGD,2016,2.21415E+11
Barbados,BRB,2016,4529050000
Belarus,BLR,2016,47749057078
Belgium,BEL,2016,4.67546E+11
Belize,BLZ,2016,1806646250
Benin,BEN,2016,8573159697
Bhutan,BTN,2016,2219675781
Bolivia,BOL,2016,33941126194
Bosnia and Herzegovina,BIH,2016,16911088174
Botswana,BWA,2016,15648632362
Brazil,BRA,2016,1.79399E+12
Brunei Darussalam,BRN,2016,11400653949
Bulgaria,BGR,2016,53240950226
Burkina Faso,BFA,2016,10886363727
Burundi,BDI,2016,2959185295
Cabo Verde,CPV,2016,1663008687
Cambodia,KHM,2016,20016747754
Cameroon,CMR,2016,32621535419
Canada,CAN,2016,1.53577E+12
Central African Republic,CAF,2016,1755468137
Chad,TCD,2016,10090922857
Chile,CHL,2016,2.50036E+11
China,CHN,2016,1.1191E+13
Colombia,COL,2016,2.82856E+11
Comoros,COM,2016,1024261821
"Congo, Dem. Rep.",COD,2016,37134799975
"Congo, Rep.",COG,2016,9035848071
Costa Rica,CRI,2016,57157992434
Cote d'Ivoire,CIV,2016,35389998639
Croatia,HRV,2016,51640880494
Cuba,CUB,2016,91370000000
Cyprus,CYP,2016,20453761062
Czech Republic,CZE,2016,1.95305E+11
Denmark,DNK,2016,3.069E+11
Djibouti,DJI,2016,1764268469
Dominica,DMA,2016,575468222.2
Dominican Republic,DOM,2016,72342967648
Ecuador,ECU,2016,99937696000
"Egypt, Arab Rep.",EGY,2016,3.32928E+11
El Salvador,SLV,2016,23912227500
Equatorial Guinea,GNQ,2016,11260900826
Estonia,EST,2016,23337907619
Eswatini,SWZ,2016,3817430000
Ethiopia,ETH,2016,73000980434
Fiji,FJI,2016,4671313315
Finland,FIN,2016,2.38678E+11
France,FRA,2016,2.46513E+12
Gabon,GAB,2016,14014369642
"Gambia, The",GMB,2016,1442298542
Georgia,GEO,2016,14378016729
Germany,DEU,2016,3.4778E+12
Ghana,GHA,2016,55009730600
Greece,GRC,2016,1.92691E+11
Greenland,GRL,2016,2705898956
Grenada,GRD,2016,1061631222
Guam,GUM,2016,5793000000
Guatemala,GTM,2016,68663653469
Guinea,GIN,2016,8694360305
Guinea-Bissau,GNB,2016,1178204501
Guyana,GUY,2016,3504024213
Haiti,HTI,2016,7970649131
Honduras,HND,2016,21643936939
"Hong Kong SAR, China",HKG,2016,3.20881E+11
Hungary,HUN,2016,1.25817E+11
Iceland,ISL,2016,20304098101
India,IND,2016,2.27423E+12
Indonesia,IDN,2016,9.32256E+11
"Iran, Islamic Rep.",IRN,2016,4.18977E+11
Iraq,IRQ,2016,1.7056E+11
Ireland,IRL,2016,3.04819E+11
Isle of Man,IMN,2016,6592627599
Israel,ISR,2016,3.17748E+11
Italy,ITA,2016,1.85938E+12
Jamaica,JAM,2016,14072135209
Japan,JPN,2016,4.94927E+12
Jordan,JOR,2016,38654727746
Kazakhstan,KAZ,2016,1.37278E+11
Kenya,KEN,2016,70875223143
Kiribati,KIR,2016,178328873
"Korea, Rep.",KOR,2016,1.4148E+12
Kosovo,XKX,2016,6714712389
Kuwait,KWT,2016,1.10912E+11
Kyrgyz Republic,KGZ,2016,6813092066
Lao PDR,LAO,2016,15805707154
Latvia,LVA,2016,27571513793
Lebanon,LBN,2016,51483909755
Lesotho,LSO,2016,2323419619
Liberia,LBR,2016,3277826000
Libya,LBY,2016,26221660076
Liechtenstein,LIE,2016,6214633651
Lithuania,LTU,2016,42773029835
Luxembourg,LUX,2016,58631324559
"Macao SAR, China",MAC,2016,45310877913
Madagascar,MDG,2016,10001193315
Malawi,MWI,2016,5433040160
Malaysia,MYS,2016,2.96753E+11
Maldives,MDV,2016,4414055725
Mali,MLI,2016,14010787738
Malta,MLT,2016,11274020601
Marshall Islands,MHL,2016,194497900
Mauritania,MRT,2016,4739298730
Mauritius,MUS,2016,12232463656
Mexico,MEX,2016,1.07778E+12
"Micronesia, Fed. Sts.",FSM,2016,329895600
Moldova,MDA,2016,6795731286
Monaco,MCO,2016,6468252212
Mongolia,MNG,2016,11186734674
Montenegro,MNE,2016,4374130531
Morocco,MAR,2016,1.03345E+11
Mozambique,MOZ,2016,10981358031
Myanmar,MMR,2016,63256184700
Namibia,NAM,2016,11281259987
Nauru,NRU,2016,102060129.6
Nepal,NPL,2016,21185922408
Netherlands,NLD,2016,7.77228E+11
New Zealand,NZL,2016,1.89286E+11
Nicaragua,NIC,2016,13184989878
Niger,NER,2016,7528285444
Nigeria,NGA,2016,4.0465E+11
North Macedonia,MKD,2016,10672471861
Northern Mariana Islands,MNP,2016,1250000000
Norway,NOR,2016,3.71075E+11
Oman,OMN,2016,66824447334
Pakistan,PAK,2016,2.78655E+11
Palau,PLW,2016,303984500
Panama,PAN,2016,57957594212
Papua New Guinea,PNG,2016,19028120013
Paraguay,PRY,2016,36054281572
Peru,PER,2016,1.9164E+11
Philippines,PHL,2016,3.04889E+11
Poland,POL,2016,4.71992E+11
Portugal,PRT,2016,2.05184E+11
Puerto Rico,PRI,2016,1.03961E+11
Qatar,QAT,2016,1.51732E+11
Romania,ROU,2016,1.88494E+11
Russian Federation,RUS,2016,1.28473E+12
Rwanda,RWA,2016,8475681533
Samoa,WSM,2016,786640006.1
San Marino,SMR,2016,1564380531
Sao Tome and Principe,STP,2016,354237479.2
Saudi Arabia,SAU,2016,6.44936E+11
Senegal,SEN,2016,18973894459
Serbia,SRB,2016,38299854688
Seychelles,SYC,2016,1427525457
Sierra Leone,SLE,2016,3556036535
Singapore,SGP,2016,3.09764E+11
Slovak Republic,SVK,2016,89768598023
Slovenia,SVN,2016,44708598649
Solomon Islands,SLB,2016,1232699139
Somalia,SOM,2016,6761998534
South Africa,ZAF,2016,2.95747E+11
South Sudan,SSD,2016,2904114903
Spain,ESP,2016,1.23726E+12
Sri Lanka,LKA,2016,81787420023
St. Kitts and Nevis,KNA,2016,958973183.2
St. Lucia,LCA,2016,1635675296
St. Vincent and the Grenadines,VCT,2016,770762204.1
Sudan,SDN,2016,95584380032
Suriname,SUR,2016,3152173913
Sweden,SWE,2016,5.1446E+11
Switzerland,CHE,2016,6.68745E+11
Tajikistan,TJK,2016,6952678127
Tanzania,TZA,2016,47388394818
Thailand,THA,2016,4.11755E+11
Timor-Leste,TLS,2016,2521000000
Togo,TGO,2016,4457732625
Tonga,TON,2016,401117500
Trinidad and Tobago,TTO,2016,22295585700
Tunisia,TUN,2016,41808379888
Turkey,TUR,2016,8.63722E+11
Turkmenistan,TKM,2016,36180000000
Tuvalu,TUV,2016,36572611.89
Uganda,UGA,2016,24133664285
Ukraine,UKR,2016,93355993629
United Arab Emirates,ARE,2016,3.57045E+11
United Kingdom,GBR,2016,2.65085E+12
United States,USA,2016,1.86245E+13
Uruguay,URY,2016,52687612262
Uzbekistan,UZB,2016,67445712840
Vanuatu,VUT,2016,787942567.4
Vietnam,VNM,2016,2.05276E+11
West Bank and Gaza,PSE,2016,13425700000
"Yemen, Rep.",YEM,2016,36436652465
Zambia,ZMB,2016,20954754378
Zimbabwe,ZWE,2016,20548678100
Afghanistan,AFG,2017,19543976895
Albania,ALB,2017,13038538300
Algeria,DZA,2017,1.67555E+11
American Samoa,ASM,2017,634000000
Andorra,AND,2017,3012914131
Angola,AGO,2017,1.22124E+11
Antigua and Barbuda,ATG,2017,1510084751
Argentina,ARG,2017,6.3743E+11
Armenia,ARM,2017,11536590636
Aruba,ABW,2017,2700558659
Australia,AUS,2017,1.32342E+12
Austria,AUT,2017,4.16596E+11
Azerbaijan,AZE,2017,40747792238
"Bahamas, The",BHS,2017,12162100000
Bahrain,BHR,2017,35307127660
Bangladesh,BGD,2017,2.49724E+11
Barbados,BRB,2017,4673500000
Belarus,BLR,2017,54456465473
Belgium,BEL,2017,4.92681E+11
Belize,BLZ,2017,1862614800
Benin,BEN,2017,9246696924
Bhutan,BTN,2017,2528007911
Bolivia,BOL,2017,37508642113
Bosnia and Herzegovina,BIH,2017,18054854789
Botswana,BWA,2017,17406565823
Brazil,BRA,2017,2.05551E+12
Brunei Darussalam,BRN,2017,12128089002
Bulgaria,BGR,2017,58220973783
Burkina Faso,BFA,2017,12322864245
Burundi,BDI,2017,3172416146
Cabo Verde,CPV,2017,1772706451
Cambodia,KHM,2017,22158209503
Cameroon,CMR,2017,34922782311
Canada,CAN,2017,1.65304E+12
Central African Republic,CAF,2017,1949411659
Chad,TCD,2017,9871247732
Chile,CHL,2017,2.77076E+11
China,CHN,2017,1.22377E+13
Colombia,COL,2017,3.14458E+11
Comoros,COM,2017,1068124330
"Congo, Dem. Rep.",COD,2017,37642482562
"Congo, Rep.",COG,2017,8701334800
Costa Rica,CRI,2017,57285984448
Cote d'Ivoire,CIV,2017,37353276059
Croatia,HRV,2017,55213087271
Cuba,CUB,2017,96851000000
Cyprus,CYP,2017,22054225828
Czech Republic,CZE,2017,2.15726E+11
Denmark,DNK,2017,3.24872E+11
Djibouti,DJI,2017,1844674435
Dominica,DMA,2017,496727000
Dominican Republic,DOM,2017,75931656815
Ecuador,ECU,2017,1.04296E+11
"Egypt, Arab Rep.",EGY,2017,2.35369E+11
El Salvador,SLV,2017,24805439600
Equatorial Guinea,GNQ,2017,12293579173
Estonia,EST,2017,25921079612
Eswatini,SWZ,2017,4433664364
Ethiopia,ETH,2017,80561496134
Fiji,FJI,2017,5061202767
Finland,FIN,2017,2.51885E+11
France,FRA,2017,2.5825E+12
Gabon,GAB,2017,15013950984
"Gambia, The",GMB,2017,1489464788
Georgia,GEO,2017,15081338092
Germany,DEU,2017,3.67744E+12
Ghana,GHA,2017,58996776238
Greece,GRC,2017,2.00288E+11
Grenada,GRD,2017,1126882296
Guam,GUM,2017,5859000000
Guatemala,GTM,2017,75620095538
Guinea,GIN,2017,10472514515
Guinea-Bissau,GNB,2017,1346841897
Guyana,GUY,2017,3621046005
Haiti,HTI,2017,8408150518
Honduras,HND,2017,22978532897
"Hong Kong SAR, China",HKG,2017,3.41449E+11
Hungary,HUN,2017,1.39135E+11
Iceland,ISL,2017,23909289979
India,IND,2017,2.60082E+12
Indonesia,IDN,2017,1.01554E+12
"Iran, Islamic Rep.",IRN,2017,4.54013E+11
Iraq,IRQ,2017,1.92061E+11
Ireland,IRL,2017,3.33731E+11
Israel,ISR,2017,3.50851E+11
Italy,ITA,2017,1.9348E+12
Jamaica,JAM,2017,14781107822
Japan,JPN,2017,4.87214E+12
Jordan,JOR,2017,40068308451
Kazakhstan,KAZ,2017,1.62887E+11
Kenya,KEN,2017,79263075749
Kiribati,KIR,2017,185572501.5
"Korea, Rep.",KOR,2017,1.53075E+12
Kosovo,XKX,2017,7244888738
Kuwait,KWT,2017,1.20126E+11
Kyrgyz Republic,KGZ,2017,7564738836
Lao PDR,LAO,2017,16853087485
Latvia,LVA,2017,30264454642
Lebanon,LBN,2017,53576985687
Lesotho,LSO,2017,2578265358
Liberia,LBR,2017,3285455000
Libya,LBY,2017,38107728083
Lithuania,LTU,2017,47168303744
Luxembourg,LUX,2017,62404461275
"Macao SAR, China",MAC,2017,50361201096
Madagascar,MDG,2017,11499803807
Malawi,MWI,2017,6303292264
Malaysia,MYS,2017,3.1471E+11
Maldives,MDV,2017,4865546027
Mali,MLI,2017,15334336144
Malta,MLT,2017,12518134319
Marshall Islands,MHL,2017,204173430.1
Mauritania,MRT,2017,5024708656
Mauritius,MUS,2017,13266427697
Mexico,MEX,2017,1.15089E+12
"Micronesia, Fed. Sts.",FSM,2017,336427500
Moldova,MDA,2017,8128493432
Mongolia,MNG,2017,11433635876
Montenegro,MNE,2017,4844592067
Morocco,MAR,2017,1.09709E+11
Mozambique,MOZ,2017,12645508634
Myanmar,MMR,2017,67068745521
Namibia,NAM,2017,13253698015
Nauru,NRU,2017,113884908.4
Nepal,NPL,2017,24880266905
Netherlands,NLD,2017,8.262E+11
New Zealand,NZL,2017,2.05853E+11
Nicaragua,NIC,2017,13814261536
Niger,NER,2017,8119710126
Nigeria,NGA,2017,3.75745E+11
North Macedonia,MKD,2017,11279509014
Northern Mariana Islands,MNP,2017,1593000000
Norway,NOR,2017,3.98832E+11
Oman,OMN,2017,72642652796
Pakistan,PAK,2017,3.04952E+11
Palau,PLW,2017,289823500
Panama,PAN,2017,62283756584
Papua New Guinea,PNG,2017,20536314601
Paraguay,PRY,2017,39667400816
Peru,PER,2017,2.11389E+11
Philippines,PHL,2017,3.13595E+11
Poland,POL,2017,5.26466E+11
Portugal,PRT,2017,2.17571E+11
Qatar,QAT,2017,1.66929E+11
Romania,ROU,2017,2.11884E+11
Russian Federation,RUS,2017,1.57752E+12
Rwanda,RWA,2017,9135454442
Samoa,WSM,2017,840927996.6
San Marino,SMR,2017,1632860041
Sao Tome and Principe,STP,2017,392570292.5
Saudi Arabia,SAU,2017,6.86738E+11
Senegal,SEN,2017,21070225735
Serbia,SRB,2017,41431648801
Seychelles,SYC,2017,1497959569
Sierra Leone,SLE,2017,3775047334
Singapore,SGP,2017,3.23907E+11
Slovak Republic,SVK,2017,95769031980
Slovenia,SVN,2017,48769655479
Solomon Islands,SLB,2017,1303453622
Somalia,SOM,2017,7052000000
South Africa,ZAF,2017,3.48872E+11
Spain,ESP,2017,1.31132E+12
Sri Lanka,LKA,2017,87357205923
St. Kitts and Nevis,KNA,2017,992007403.1
St. Lucia,LCA,2017,1737504296
St. Vincent and the Grenadines,VCT,2017,785222509.1
Sudan,SDN,2017,1.17488E+11
Suriname,SUR,2017,2995827901
Sweden,SWE,2017,5.3804E+11
Switzerland,CHE,2017,6.78887E+11
Tajikistan,TJK,2017,7146449583
Tanzania,TZA,2017,52090321003
Thailand,THA,2017,4.55303E+11
Timor-Leste,TLS,2017,2954621000
Togo,TGO,2017,4757776485
Tonga,TON,2017,427659795.3
Trinidad and Tobago,TTO,2017,22079017627
Tunisia,TUN,2017,39952095561
Turkey,TUR,2017,8.51549E+11
Turkmenistan,TKM,2017,37926285714
Tuvalu,TUV,2017,39731317.3
Uganda,UGA,2017,25995031850
Ukraine,UKR,2017,1.12154E+11
United Arab Emirates,ARE,2017,3.82575E+11
United Kingdom,GBR,2017,2.62243E+12
United States,USA,2017,1.93906E+13
Uruguay,URY,2017,56156972158
Uzbekistan,UZB,2017,49677172714
Vanuatu,VUT,2017,862879789
Vietnam,VNM,2017,2.2378E+11
West Bank and Gaza,PSE,2017,14498100000
"Yemen, Rep.",YEM,2017,31267675216
Zambia,ZMB,2017,25868142073
Zimbabwe,ZWE,2017,22040902300
